<?xml version="1.0" encoding="UTF-8"?>
<!DOCTYPE generatorConfiguration PUBLIC "-//mybatis.org//DTD MyBatis Generator Configuration 1.0//EN" "http://mybatis.org/dtd/mybatis-generator-config_1_0.dtd">
<generatorConfiguration>
	<!-- 数据库驱动包位置 -->
	<classPathEntry location="/Users/yueli/deveplopment/tools/mybatis-generator/java-core/mysql/mysql-connector-java-5.1.6.jar" /> 
	
	<context id="DB2Tables" targetRuntime="MyBatis3">
		<commentGenerator>
			<property name="suppressAllComments" value="true" />
		</commentGenerator>
		<!-- 数据库链接URL、用户名、密码 -->
		<!-- <jdbcConnection driverClass="com.mysql.jdbc.Driver" connectionURL="jdbc:mysql://10.10.2.104:3306/data2chain" userId="data2chain" password="data2chain"> -->
		<jdbcConnection driverClass="com.mysql.jdbc.Driver" connectionURL="jdbc:mysql://47.94.211.209:8306/statistics" userId="root" password="Tusdao@mysql2019*">
		</jdbcConnection>
		<javaTypeResolver>
			<property name="forceBigDecimals" value="false" />
		</javaTypeResolver>
		
		<!-- 生成模型的包名和位置 supadmin qrcode -->
		<javaModelGenerator targetPackage="com.tusdao.webservice.model" targetProject="/Users/yueli/deveplopment/tools/mybatis-generator/mapp-java/src">
			<property name="enableSubPackages" value="true" />
			<property name="trimStrings" value="true" />
		</javaModelGenerator>
		
		<!-- 生成的映射文件包名和位置 -->
		<sqlMapGenerator targetPackage="com.tusdao.webservice.xml" targetProject="/Users/yueli/deveplopment/tools/mybatis-generator/mapp-java/src">
			<property name="enableSubPackages" value="true" />
		</sqlMapGenerator>
		 
		<!-- 生成DAO的包名和位置 -->
		<javaClientGenerator type="XMLMAPPER" targetPackage="com.tusdao.webservice.dao" targetProject="/Users/yueli/deveplopment/tools/mybatis-generator/mapp-java/src">
			<property name="enableSubPackages" value="true" />
		</javaClientGenerator>





<table tableName="catalog_info" domainObjectName="CatalogInfo" />




<!-- 
	<table tableName="statis_people_info" domainObjectName="StatisPeopleInfo" enableCountByExample="true" enableUpdateByExample="false" enableDeleteByExample="false" enableSelectByExample="true" selectByExampleQueryId="true" />
<table tableName="statis_corr_into" domainObjectName="StatisCorrInto" enableCountByExample="true" enableUpdateByExample="false" enableDeleteByExample="false" enableSelectByExample="true" selectByExampleQueryId="true" />

<table tableName="statis_rp" domainObjectName="StatisRp" enableCountByExample="true" enableUpdateByExample="false" enableDeleteByExample="false" enableSelectByExample="true" selectByExampleQueryId="true" />

<table tableName="statis_crime" domainObjectName="StatisCrime" enableCountByExample="true" enableUpdateByExample="false" enableDeleteByExample="false" enableSelectByExample="true" selectByExampleQueryId="true" />
	
		<table tableName="share_notice_body" domainObjectName="ShareNoticeBody" enableCountByExample="true" enableUpdateByExample="false" enableDeleteByExample="false" enableSelectByExample="true" selectByExampleQueryId="true" />
	<table tableName="base_user" domainObjectName="BaseUser" enableCountByExample="true" enableUpdateByExample="false" enableDeleteByExample="false" enableSelectByExample="true" selectByExampleQueryId="true" />
		<table tableName="base_user" domainObjectName="BaseUser" enableCountByExample="true" enableUpdateByExample="false" enableDeleteByExample="false" enableSelectByExample="true" selectByExampleQueryId="true" />
		<table tableName="base_role_menu" domainObjectName="BaseRoleMenu" enableCountByExample="true" enableUpdateByExample="false" enableDeleteByExample="false" enableSelectByExample="true" selectByExampleQueryId="true" />
		<table tableName="base_user_role" domainObjectName="BaseUserRole" enableCountByExample="true" enableUpdateByExample="false" enableDeleteByExample="false" enableSelectByExample="true" selectByExampleQueryId="true" />
		<table tableName="base_menu" domainObjectName="BaseMenu" enableCountByExample="true" enableUpdateByExample="false" enableDeleteByExample="false" enableSelectByExample="true" selectByExampleQueryId="true" />
		<table tableName="base_role" domainObjectName="BaseRole" enableCountByExample="true" enableUpdateByExample="false" enableDeleteByExample="false" enableSelectByExample="true" selectByExampleQueryId="true" />

		<table tableName="corr_dict_marrage" domainObjectName="CorrDictMarrage" enableCountByExample="true" enableUpdateByExample="false" enableDeleteByExample="false" enableSelectByExample="true" selectByExampleQueryId="true" />
		<table tableName="corr_dict_crime" domainObjectName="CorrDictCrime" enableCountByExample="true" enableUpdateByExample="false" enableDeleteByExample="false" enableSelectByExample="true" selectByExampleQueryId="true" />
		<table tableName="corr_dict_mitigation" domainObjectName="CorrDictMitigation" enableCountByExample="true" enableUpdateByExample="false" enableDeleteByExample="false" enableSelectByExample="true" selectByExampleQueryId="true" />
		<table tableName="corr_dict_supervision" domainObjectName="CorrDictSupervision" enableCountByExample="true" enableUpdateByExample="false" enableDeleteByExample="false" enableSelectByExample="true" selectByExampleQueryId="true" />
		<table tableName="corr_dict_education" domainObjectName="CorrDictEducation" enableCountByExample="true" enableUpdateByExample="false" enableDeleteByExample="false" enableSelectByExample="true" selectByExampleQueryId="true" />
		<table tableName="corr_dict_nature" domainObjectName="CorrDictNature" enableCountByExample="true" enableUpdateByExample="false" enableDeleteByExample="false" enableSelectByExample="true" selectByExampleQueryId="true" />
		
		<table tableName="corr_dict_decision" domainObjectName="CorrDictDecision" enableCountByExample="true" enableUpdateByExample="false" enableDeleteByExample="false" enableSelectByExample="true" selectByExampleQueryId="true" />
		<table tableName="corr_dict_legal" domainObjectName="CorrDictLegal" enableCountByExample="true" enableUpdateByExample="false" enableDeleteByExample="false" enableSelectByExample="true" selectByExampleQueryId="true" />
		<table tableName="corr_dict_type" domainObjectName="CorrDictType" enableCountByExample="true" enableUpdateByExample="false" enableDeleteByExample="false" enableSelectByExample="true" selectByExampleQueryId="true" />
		<table tableName="corr_dict_unit" domainObjectName="CorrDictUnit" enableCountByExample="true" enableUpdateByExample="false" enableDeleteByExample="false" enableSelectByExample="true" selectByExampleQueryId="true" />
		

		<table tableName="corr_target_over" domainObjectName="CorrTargetOver" enableCountByExample="true" enableUpdateByExample="false" enableDeleteByExample="false" enableSelectByExample="true" selectByExampleQueryId="true" />




	

		<table tableName="corr_dict_area" domainObjectName="CorrDictArea" enableCountByExample="true" enableUpdateByExample="false" enableDeleteByExample="false" enableSelectByExample="true" selectByExampleQueryId="true" />

		<table tableName="corr_dict_ethnic" domainObjectName="CorrDictEthnic" enableCountByExample="true" enableUpdateByExample="false" enableDeleteByExample="false" enableSelectByExample="true" selectByExampleQueryId="true" />


	<table tableName="corr_attmachment" domainObjectName="CorrAttmachment" enableCountByExample="true" enableUpdateByExample="false" enableDeleteByExample="false" enableSelectByExample="true" selectByExampleQueryId="true" />

	<table tableName="corr_crime_type" domainObjectName="CorrCrimeType" enableCountByExample="true" enableUpdateByExample="false" enableDeleteByExample="false" enableSelectByExample="true" selectByExampleQueryId="true" />

	<table tableName="corr_diploma" domainObjectName="CorrDiploma" enableCountByExample="true" enableUpdateByExample="false" enableDeleteByExample="false" enableSelectByExample="true" selectByExampleQueryId="true" />

	<table tableName="corr_over_type" domainObjectName="CorrOverType" enableCountByExample="true" enableUpdateByExample="false" enableDeleteByExample="false" enableSelectByExample="true" selectByExampleQueryId="true" />

	<table tableName="corr_supervision_type" domainObjectName="CorrSupervisionType" enableCountByExample="true" enableUpdateByExample="false" enableDeleteByExample="false" enableSelectByExample="true" selectByExampleQueryId="true" />

	

	<table tableName="corr_target_into_info" domainObjectName="CorrTargetIntoInfo" enableCountByExample="true" enableUpdateByExample="false" enableDeleteByExample="false" enableSelectByExample="true" selectByExampleQueryId="true" />

	<table tableName="corr_target_legal_basic" domainObjectName="CorrTargetLegalBasic" enableCountByExample="true" enableUpdateByExample="false" enableDeleteByExample="false" enableSelectByExample="true" selectByExampleQueryId="true" />

	<table tableName="corr_target_operation_log" domainObjectName="CorrTargetOperationLog" enableCountByExample="true" enableUpdateByExample="false" enableDeleteByExample="false" enableSelectByExample="true" selectByExampleQueryId="true" />

	<table tableName="corr_target_over" domainObjectName="CorrTargetOver" enableCountByExample="true" enableUpdateByExample="false" enableDeleteByExample="false" enableSelectByExample="true" selectByExampleQueryId="true" />

	<table tableName="corr_target_reward_punishment" domainObjectName="CorrTargetRewardPunishment" enableCountByExample="true" enableUpdateByExample="false" enableDeleteByExample="false" enableSelectByExample="true" selectByExampleQueryId="true" /> -->
	
	
</context>
</generatorConfiguration>